{
  "total-play-time-ms": 10094398,
  "username": "Knd6060",
  "password": "123",
  "email": "null",
  "staff-rights": "OWNER",
  "game-mode": "NORMAL",
  "boss-points": 0,
  "Dead-points": 0,
  "dailyClaimed": 6,
  "current-boss-task": 0,
  "current-boss-amount": 0,
  "npc-kills": 0,
  "NightRaid-points": 0,
  "npc-killcount": 0,
  "transform-id": 0,
  "timer": 0,
  "hasref": false,
  "godmodetime": 0,
  "loyalty-title": "NONE",
  "position": {
    "x": 3818,
    "y": 3497,
    "z": 0
  },
  "online-status": "ON",
  "given-starter": true,
  "money-pouch": 3600000000000,
  "donated": 5,
  "starter-zone-map": {
    "0": 3
  },
  "npc-kc-data": {
    "1265": 3
  },
  "day1claimed": false,
  "day2claimed": false,
  "day3claimed": false,
  "day4claimed": false,
  "day5claimed": false,
  "day6claimed": false,
  "day7claimed": false,
  "lastlogin": 1622888550741,
  "lastdailyclaim": 1622974950741,
  "lastvotetime": 0,
  "hasvotedtoday": false,
  "pvm-rank": "BRONZE",
  "next-reward": 1622974957572,
  "reward-day": 2,
  "claimed-todays-reward": true,
  "lastgoodiebox": 0,
  "minutes-bonus-exp": -1,
  "total-gained-exp": 1638805625,
  "prestige-points": 0,
  "achievement-points": 0,
  "dung-tokens": 0,
  "commendations": 0,
  "loyalty-points": 16189,
  "total-loyalty-points": 16189.0,
  "voting-points": 0,
  "slayer-points": 0,
  "indung": false,
  "pk-points": 0,
  "donation-points": 5,
  "trivia-points": 0,
  "cluescompleted": 0,
  "player-kills": 0,
  "player-killstreak": 0,
  "player-deaths": 0,
  "target-percentage": 0,
  "bh-rank": -1,
  "beta-tester": false,
  "gender": "MALE",
  "spell-book": "NORMAL",
  "shop-updated": false,
  "shop-earnings": 0,
  "prayer-book": "NORMAL",
  "running": true,
  "run-energy": 100,
  "music": false,
  "sounds": false,
  "auto-retaliate": false,
  "xp-locked": false,
  "veng-cast": false,
  "last-veng": 1882259311,
  "fight-type": "SWORD_STAB",
  "sol-effect": 0,
  "skull-timer": 0,
  "accept-aid": false,
  "poison-damage": 0,
  "poison-immunity": 0,
  "overload-timer": 0,
  "fire-immunity": 0,
  "fire-damage-mod": 0,
  "prayer-renewal-timer": 0,
  "teleblock-timer": 0,
  "special-amount": 100,
  "entered-gwd-room": false,
  "gwd-altar-delay": 0,
  "gwd-killcount": [
    0,
    0,
    0,
    0
  ],
  "effigy": 0,
  "summon-npc": -1,
  "summon-death": -1,
  "process-farming": false,
  "clanchat": "Help",
  "autocast": false,
  "autocast-spell": -1,
  "dfs-charges": 0,
  "coins-gambled": 0,
  "slayer-master": "VANNAKA",
  "slayer-task": "NO_TASK",
  "prev-slayer-task": "NO_TASK",
  "task-amount": 0,
  "task-streak": 0,
  "duo-partner": "null",
  "double-slay-xp": false,
  "recoil-deg": 0,
  "brawler-deg": [
    0,
    0,
    0,
    0,
    0,
    0,
    0,
    0,
    0
  ],
  "killed-players": [],
  "killed-gods": [
    false,
    false,
    false,
    false,
    false
  ],
  "barrows-brother": [
    [
      2030,
      0
    ],
    [
      2029,
      0
    ],
    [
      2028,
      0
    ],
    [
      2027,
      0
    ],
    [
      2026,
      0
    ],
    [
      2025,
      0
    ]
  ],
  "random-coffin": 0,
  "barrows-killcount": 0,
  "nomad": [
    false,
    false
  ],
  "recipe-for-disaster": [
    false,
    false,
    false,
    false,
    false,
    false,
    false,
    false,
    false
  ],
  "recipe-for-disaster-wave": 0,
  "dung-items-bound": [
    0,
    0,
    0,
    0,
    0
  ],
  "rune-ess": 0,
  "pure-ess": 0,
  "has-bank-pin": false,
  "placeholders": false,
  "last-pin-attempt": 0,
  "invalid-pin-attempts": 0,
  "bank-pin": [
    0,
    0,
    0,
    0
  ],
  "appearance": [
    0,
    0,
    18,
    26,
    33,
    36,
    42,
    10,
    0,
    0,
    0,
    0,
    0
  ],
  "agility-obj": [
    false,
    false,
    false,
    false,
    false,
    false,
    false
  ],
  "skills": {
    "level": [
      99,
      99,
      99,
      990,
      99,
      990,
      99,
      150,
      1,
      1,
      1,
      1,
      1,
      1,
      1,
      1,
      1,
      1,
      1,
      1,
      1,
      14,
      1,
      1,
      1
    ],
    "maxLevel": [
      99,
      99,
      99,
      990,
      99,
      990,
      99,
      150,
      1,
      1,
      1,
      1,
      1,
      1,
      1,
      1,
      1,
      1,
      1,
      1,
      1,
      14,
      1,
      1,
      1
    ],
    "experience": [
      14391160,
      14391160,
      14391160,
      14391160,
      14391160,
      14391160,
      14391160,
      0,
      0,
      0,
      0,
      0,
      0,
      0,
      0,
      0,
      0,
      0,
      0,
      0,
      0,
      2250,
      0,
      0,
      0
    ]
  },
  "inventory": [
    {
      "id": -1,
      "amount": 0,
      "slot": 0
    },
    {
      "id": 3315,
      "amount": 1,
      "slot": 0
    },
    {
      "id": -1,
      "amount": 0,
      "slot": 0
    },
    {
      "id": -1,
      "amount": 0,
      "slot": 0
    },
    {
      "id": -1,
      "amount": 0,
      "slot": 0
    },
    {
      "id": -1,
      "amount": 0,
      "slot": 0
    },
    {
      "id": -1,
      "amount": 0,
      "slot": 0
    },
    {
      "id": -1,
      "amount": 0,
      "slot": 0
    },
    {
      "id": -1,
      "amount": 0,
      "slot": 0
    },
    {
      "id": -1,
      "amount": 0,
      "slot": 0
    },
    {
      "id": -1,
      "amount": 0,
      "slot": 0
    },
    {
      "id": -1,
      "amount": 0,
      "slot": 0
    },
    {
      "id": -1,
      "amount": 0,
      "slot": 0
    },
    {
      "id": -1,
      "amount": 0,
      "slot": 0
    },
    {
      "id": -1,
      "amount": 0,
      "slot": 0
    },
    {
      "id": -1,
      "amount": 0,
      "slot": 0
    },
    {
      "id": -1,
      "amount": 0,
      "slot": 0
    },
    {
      "id": -1,
      "amount": 0,
      "slot": 0
    },
    {
      "id": -1,
      "amount": 0,
      "slot": 0
    },
    {
      "id": -1,
      "amount": 0,
      "slot": 0
    },
    {
      "id": -1,
      "amount": 0,
      "slot": 0
    },
    {
      "id": -1,
      "amount": 0,
      "slot": 0
    },
    {
      "id": -1,
      "amount": 0,
      "slot": 0
    },
    {
      "id": -1,
      "amount": 0,
      "slot": 0
    },
    {
      "id": -1,
      "amount": 0,
      "slot": 0
    },
    {
      "id": -1,
      "amount": 0,
      "slot": 0
    },
    {
      "id": -1,
      "amount": 0,
      "slot": 0
    },
    {
      "id": -1,
      "amount": 0,
      "slot": 0
    }
  ],
  "equipment": [
    {
      "id": 3689,
      "amount": 1,
      "slot": 0
    },
    {
      "id": -1,
      "amount": 0,
      "slot": 0
    },
    {
      "id": -1,
      "amount": 0,
      "slot": 0
    },
    {
      "id": 4761,
      "amount": 1,
      "slot": 0
    },
    {
      "id": -1,
      "amount": 0,
      "slot": 0
    },
    {
      "id": -1,
      "amount": 0,
      "slot": 0
    },
    {
      "id": -1,
      "amount": 0,
      "slot": 0
    },
    {
      "id": -1,
      "amount": 0,
      "slot": 0
    },
    {
      "id": -1,
      "amount": 0,
      "slot": 0
    },
    {
      "id": -1,
      "amount": 0,
      "slot": 0
    },
    {
      "id": -1,
      "amount": 0,
      "slot": 0
    },
    {
      "id": -1,
      "amount": 0,
      "slot": 0
    },
    {
      "id": -1,
      "amount": 0,
      "slot": 0
    },
    {
      "id": -1,
      "amount": 0,
      "slot": 0
    }
  ],
  "bank-0": [
    {
      "id": 2440,
      "amount": 10,
      "slot": 0
    },
    {
      "id": 3024,
      "amount": 10,
      "slot": 0
    },
    {
      "id": 11537,
      "amount": 1,
      "slot": 0
    },
    {
      "id": 11535,
      "amount": 1,
      "slot": 0
    },
    {
      "id": 11536,
      "amount": 1,
      "slot": 0
    },
    {
      "id": 11540,
      "amount": 1,
      "slot": 0
    },
    {
      "id": 11541,
      "amount": 1,
      "slot": 0
    },
    {
      "id": 11543,
      "amount": 1,
      "slot": 0
    },
    {
      "id": 11539,
      "amount": 1,
      "slot": 0
    },
    {
      "id": 939,
      "amount": 1,
      "slot": 0
    },
    {
      "id": 938,
      "amount": 1,
      "slot": 0
    },
    {
      "id": 4770,
      "amount": 1,
      "slot": 0
    },
    {
      "id": 1856,
      "amount": 1,
      "slot": 0
    },
    {
      "id": 3685,
      "amount": 10896609,
      "slot": 0
    },
    {
      "id": 15354,
      "amount": 2,
      "slot": 0
    },
    {
      "id": 15355,
      "amount": 2,
      "slot": 0
    },
    {
      "id": 3084,
      "amount": 1649949,
      "slot": 0
    },
    {
      "id": 5079,
      "amount": 1,
      "slot": 0
    },
    {
      "id": 5080,
      "amount": 1,
      "slot": 0
    },
    {
      "id": 3886,
      "amount": 1,
      "slot": 0
    },
    {
      "id": 3691,
      "amount": 2,
      "slot": 0
    },
    {
      "id": 11559,
      "amount": 1,
      "slot": 0
    },
    {
      "id": 21033,
      "amount": 1,
      "slot": 0
    },
    {
      "id": 21044,
      "amount": 1,
      "slot": 0
    },
    {
      "id": 21003,
      "amount": 1,
      "slot": 0
    },
    {
      "id": 3891,
      "amount": 1,
      "slot": 0
    },
    {
      "id": 19934,
      "amount": 1,
      "slot": 0
    },
    {
      "id": 21031,
      "amount": 1,
      "slot": 0
    },
    {
      "id": 3687,
      "amount": 1,
      "slot": 0
    },
    {
      "id": 3688,
      "amount": 1,
      "slot": 0
    },
    {
      "id": 3692,
      "amount": 1,
      "slot": 0
    },
    {
      "id": 3690,
      "amount": 1,
      "slot": 0
    },
    {
      "id": 4061,
      "amount": 1,
      "slot": 0
    },
    {
      "id": 20259,
      "amount": 10890112,
      "slot": 0
    },
    {
      "id": 3683,
      "amount": 10889176,
      "slot": 0
    },
    {
      "id": 3684,
      "amount": 10888593,
      "slot": 0
    },
    {
      "id": 11527,
      "amount": 10892963,
      "slot": 0
    },
    {
      "id": 11529,
      "amount": 4243023,
      "slot": 0
    },
    {
      "id": 11531,
      "amount": 4245468,
      "slot": 0
    },
    {
      "id": 2572,
      "amount": 10888890,
      "slot": 0
    },
    {
      "id": 11533,
      "amount": 1648338,
      "slot": 0
    },
    {
      "id": 3313,
      "amount": 4245840,
      "slot": 0
    },
    {
      "id": 3314,
      "amount": 4244634,
      "slot": 0
    },
    {
      "id": 3315,
      "amount": 4237785,
      "slot": 0
    },
    {
      "id": 3316,
      "amount": 4244073,
      "slot": 0
    },
    {
      "id": 3317,
      "amount": 4245198,
      "slot": 0
    },
    {
      "id": 11423,
      "amount": 1649352,
      "slot": 0
    }
  ],
  "bank-1": [
    {
      "id": 2436,
      "amount": 10,
      "slot": 0
    }
  ],
  "bank-2": [
    {
      "id": 2442,
      "amount": 10,
      "slot": 0
    }
  ],
  "bank-3": [
    {
      "id": 15272,
      "amount": 200,
      "slot": 0
    }
  ],
  "bank-4": [],
  "bank-5": [],
  "bank-6": [],
  "bank-7": [],
  "bank-8": [],
  "ge-slots": [
    {
      "state": "EMPTY"
    },
    {
      "state": "EMPTY"
    },
    {
      "state": "EMPTY"
    },
    {
      "state": "EMPTY"
    },
    {
      "state": "EMPTY"
    },
    {
      "state": "EMPTY"
    }
  ],
  "charm-imp": [
    0,
    0,
    0,
    0
  ],
  "friends": [],
  "ignores": [],
  "loyalty-titles": [
    false,
    false,
    false,
    false,
    false,
    false,
    true,
    false,
    false,
    false,
    false,
    false
  ],
  "kills": [
    {
      "runningTotal": 3,
      "npcId": 1265,
      "npcName": "BOMBY\u0027S MINIONS",
      "amount": 3,
      "boss": true
    }
  ],
  "drops": [
    {
      "item": 5022,
      "amount": 247,
      "rareDrop": false
    },
    {
      "item": 20200,
      "amount": 3,
      "rareDrop": false
    }
  ],
  "achievements-completion": [
    false,
    false,
    false,
    false,
    false,
    false,
    false,
    false,
    false,
    false,
    false,
    false,
    false,
    false,
    false,
    false,
    false,
    false,
    false,
    false,
    false,
    false,
    false,
    false,
    false,
    false,
    false,
    false,
    false,
    false,
    false,
    false,
    false,
    false,
    false,
    false,
    false,
    false,
    false,
    false,
    false,
    false,
    false,
    false,
    false,
    false,
    false,
    false,
    false,
    false,
    false,
    false,
    false,
    false,
    false,
    false,
    false,
    false,
    false,
    false,
    false,
    false,
    false,
    false,
    false,
    false,
    false,
    false,
    false,
    false,
    false,
    false,
    false,
    false,
    false,
    false,
    false,
    false,
    false,
    false,
    false,
    false,
    false,
    false,
    false,
    false,
    false,
    false,
    false,
    false,
    false,
    false,
    false,
    false,
    false,
    false,
    false,
    false,
    false,
    false
  ],
  "achievements-progress": [
    0,
    0,
    0,
    0,
    0,
    0,
    0,
    0,
    0,
    0,
    0,
    0,
    0,
    0,
    0,
    0,
    0,
    0,
    0,
    0,
    0,
    0,
    0,
    0,
    0,
    0,
    0,
    0,
    0,
    0,
    0,
    0,
    0,
    0,
    0,
    0,
    0,
    0,
    0,
    0,
    0,
    0,
    0,
    0,
    0,
    0,
    0,
    0,
    0,
    0,
    3,
    0,
    1
  ],
  "max-cape-colors": [
    65214,
    65200,
    65186,
    62995
  ],
  "player-title": "",
  "achievements": [
    {
      "id": 67,
      "amount": 100000,
      "collected": false
    },
    {
      "id": 22,
      "amount": 1,
      "collected": false
    },
    {
      "id": 25,
      "amount": 1,
      "collected": false
    },
    {
      "id": 76,
      "amount": 1,
      "collected": false
    },
    {
      "id": 45,
      "amount": 100000,
      "collected": false
    }
  ],
  "prestige-table": {
    "attack": 0,
    "defence": 0,
    "strength": 0,
    "constitution": 0,
    "ranged": 0,
    "prayer": 0,
    "magic": 0,
    "cooking": 0,
    "woodcutting": 0,
    "fletching": 0,
    "fishing": 0,
    "firemaking": 0,
    "crafting": 0,
    "smithing": 0,
    "mining": 0,
    "herblore": 0,
    "agility": 0,
    "thieving": 0,
    "slayer": 0,
    "farming": 0,
    "divination": 0,
    "pvming": 0,
    "archaeology": 0,
    "summoning": 0,
    "raid": 0
  },
  "favourite-teles": []
}